{
    "intrinsic": {
        "fx": 361.447024,
        "fy": 360.079036,
        "u0": 331.957667,
        "v0": 224.636355
    },
    "distortion": {
        "k1": -0.322153,
        "k2": 0.082121,
        "p1": -0.001633,
        "p2": 0.003670
    }
}
