{
    "intrinsic": {
        "fx": 316.447024,
        "fy": 360.079036,
        "u0": 331.957667,
        "v0": 224.636355
    }
}